"id","country","iso2c","c3","year","rm","gov_e","curr_acc_balance","debt_s","gini","theil","palma","incomegroup","rm_l1","rm_l3"
11,"Argentina","AR","ARG","2000",0.030380900529948,13.7841913064131,-3.15992237703676,64.2823867302192,50.39,47.19,3.35,"Upper middle income",0.0705628184933387,0.214300874545602
12,"Argentina","AR","ARG","2001",0.0705628184933387,14.1562743129569,-1.40694788500181,49.5813145440098,52.21,51.75,3.76,"Upper middle income",0.211442420500352,0.214300874545602
13,"Argentina","AR","ARG","2002",0.211442420500352,12.235247296692,8.97078467784247,16.5973754896215,53.27,53.09,4.02,"Upper middle income",0.214300874545602,0.189350126740114
14,"Argentina","AR","ARG","2003",0.214300874545602,11.4380567929249,6.37990680177011,38.2912710004567,51.755,49.68,3.65,"Upper middle income",0.201825500642858,0.224946004558493
15,"Argentina","AR","ARG","2004",0.189350126740114,11.114636067696,1.95058324319273,29.6758736713401,48.25,43.14,2.98,"Upper middle income",0.217417890692876,0.210933764847302
16,"Argentina","AR","ARG","2005",0.217417890692876,12.1418612359575,2.65363142179073,19.7246312637172,47.59,41.64,2.86,"Upper middle income",0.232474118424109,0.195029381449765
17,"Argentina","AR","ARG","2006",0.232474118424109,12.4294153726307,2.79449564264943,31.5113305616053,46.27,39.83,2.66,"Upper middle income",0.210933764847302,0.188764794272549
18,"Argentina","AR","ARG","2007",0.210933764847302,12.9893238963619,2.1036160391819,12.1114711135311,46.05,38.78,2.62,"Upper middle income",0.195029381449765,0.152091367663287
19,"Argentina","AR","ARG","2008",0.195029381449765,13.6335132595631,1.49940141614234,11.000620925218,44.77,36.87,2.42,"Upper middle income",0.188764794272549,0.131541793716221
20,"Argentina","AR","ARG","2009",0.188764794272549,15.903896746884,2.1785669619099,21.1725855859086,43.55,34.98,2.26,"Upper middle income",0.152091367663287,0.105778682207302
21,"Argentina","AR","ARG","2010",0.152091367663287,15.1637178886417,-0.383118699737132,18.6426233354966,43.51,34.12,2.26,"Upper middle income",0.131541793716221,0.0969166746867399
22,"Argentina","AR","ARG","2011",0.131541793716221,15.6889565165983,-1.00728073759033,15.6550627866212,42.58,32.41,2.14,"Upper middle income",0.105778682207302,0.0960152008279335
23,"Argentina","AR","ARG","2012",0.105778682207302,16.6454378106252,-0.39159512386959,14.0668140317666,41.27,30.71,1.98,"Upper middle income",0.0969166746867399,0.0831331023452092
24,"Argentina","AR","ARG","2013",0.0969166746867399,16.8062377968797,-2.37749566620574,17.1374562078243,40.86,30.01,1.94,"Upper middle income",0.0960152008279335,0.0702343228308766
25,"Argentina","AR","ARG","2014",0.0960152008279335,16.9498757371062,-1.74400211981355,20.1697253607257,41.56,30.68,2.01,"Upper middle income",0.0831331023452092,0.0745674775459197
26,"Argentina","AR","ARG","2015",0.0831331023452092,18.098379759087,-2.96292666513535,24.733642858859,40.72,29.44,1.92,"Upper middle income",0.0702343228308766,0.0995468168061567
27,"Argentina","AR","ARG","2016",0.0702343228308766,17.6545781863509,-2.70922169964784,34.9283398192354,41.96,31.41,2.06,"Upper middle income",0.0745674775459197,0.125380808147072
28,"Argentina","AR","ARG","2017",0.0745674775459197,17.6968939223042,-4.83995919619862,51.7302547597257,41.06,30.07,1.96,"Upper middle income",0.0995468168061567,0.168099124907494
29,"Argentina","AR","ARG","2018",0.0995468168061567,15.8050971558947,-5.16055251029552,51.5485845475577,41.28,30.69,1.99,"Upper middle income",0.125380808147072,0.184949305173577
30,"Argentina","AR","ARG","2019",0.125380808147072,16.4432415862976,-0.779998442161832,50.8330976382054,42.84,32.95,2.17,"Upper middle income",0.168099124907494,0.0995468168061567
139,"Bolivia","BO","BOL","2000",1.51074275320619,14.5392995149189,-5.31504597475335,39.8483357768205,61.47,86.28,7.4,"Lower middle income",1.66160672961348,1.95692385265672
140,"Bolivia","BO","BOL","2001",1.66160672961348,15.7241302193543,-3.36560764552539,33.5362043563366,57.31,68.86,5.25,"Lower middle income",1.42812234680867,2.39995243012735
141,"Bolivia","BO","BOL","2002",1.42812234680867,15.9678902393715,-4.45175564078361,29.1213967923535,59.28,75.18,6.01,"Lower middle income",1.95692385265672,3.52953963346226
142,"Bolivia","BO","BOL","2003",1.95692385265672,16.5211414224599,0.935302478200457,21.4167501196285,55.89,59.33,4.64,"Upper middle income",2.39995243012735,5.26530048893301
143,"Bolivia","BO","BOL","2004",2.39995243012735,16.2585361956677,3.84682632206803,19.7728741921166,59.28,75.18,6.09,"Lower middle income",3.52953963346226,8.04388654961217
144,"Bolivia","BO","BOL","2005",3.52953963346226,15.9745575009633,6.51828674384489,15.6635210117697,58.51,70.29,5.58,"Lower middle income",5.26530048893301,6.80520329808364
145,"Bolivia","BO","BOL","2006",5.26530048893301,14.3542326624169,11.5044542865899,9.69615044011637,56.59,64.5,4.96,"Lower middle income",8.04388654961217,6.10109847905471
146,"Bolivia","BO","BOL","2007",8.04388654961217,14.0586525031966,12.1283009178169,13.9537069295701,54.49,57.53,4.3,"Lower middle income",6.80520329808364,4.88664733789405
147,"Bolivia","BO","BOL","2008",6.80520329808364,13.2773746897522,11.9507374348004,12.9013089398039,50.82,50.35,3.45,"Lower middle income",6.10109847905471,4.35249990985921
148,"Bolivia","BO","BOL","2009",6.10109847905471,14.7087648409415,4.6916976138782,10.3269265126858,49.17,48.03,3.15,"Lower middle income",4.88664733789405,4.10025014391943
149,"Bolivia","BO","BOL","2010",4.88664733789405,13.831218450538,4.44660515813571,9.47780511598144,54.94,53.86,2.85,"Lower middle income",4.35249990985921,3.91834762999268
150,"Bolivia","BO","BOL","2011",4.35249990985921,13.7771015326236,2.24179477486781,4.82356789906339,46.07,41.05,2.6,"Lower middle income",4.10025014391943,3.56697642694154
151,"Bolivia","BO","BOL","2012",4.10025014391943,13.4396269650146,7.2736779094105,5.2475604275059,46.53,43.54,2.69,"Lower middle income",3.91834762999268,3.60894254325227
152,"Bolivia","BO","BOL","2013",3.91834762999268,13.8415143362661,3.4377206274777,4.25566887803739,47.58,44.27,2.85,"Lower middle income",3.56697642694154,3.67293280792535
153,"Bolivia","BO","BOL","2014",3.56697642694154,14.7070466402409,1.71604883648801,6.97764397552778,47.81,43.68,2.86,"Lower middle income",3.60894254325227,3.75379354564215
154,"Bolivia","BO","BOL","2015",3.60894254325227,17.4952582258727,-5.86726594426454,9.89883952740801,46.73,42.55,2.7,"Lower middle income",3.67293280792535,3.44592381350509
155,"Bolivia","BO","BOL","2016",3.67293280792535,17.4582521973373,-5.61927215929092,9.21953909473769,45.2,40.83,2.48,"Lower middle income",3.75379354564215,3.26594853352319
156,"Bolivia","BO","BOL","2017",3.75379354564215,17.0216400266816,-5.06081178750562,10.024147779664,44.59,38.87,2.4,"Lower middle income",3.44592381350509,3.07541011203655
157,"Bolivia","BO","BOL","2018",3.44592381350509,17.525644686723,-4.28165522078624,9.51956656449353,42.57,34.43,2.12,"Lower middle income",3.26594853352319,3.50696166686472
158,"Bolivia","BO","BOL","2019",3.26594853352319,18.143092001616,-3.34046725150638,10.3652362849806,41.63,31.25,2.01,"Lower middle income",3.07541011203655,0.123228695529868
171,"Brazil","BR","BRA","2000",0.205903536572635,18.7678457444131,-4.04774157204052,86.1821613930119,53.96,57.26,4.32,"Upper middle income",0.258742172219397,0.409627706286974
172,"Brazil","BR","BRA","2001",0.258742172219397,19.3432950140464,-4.44478598192498,70.9002889822691,58.32,65.08,5.39,"Upper middle income",0.393057981338279,0.420223946168774
173,"Brazil","BR","BRA","2002",0.393057981338279,19.8096623456372,-1.84525902800178,71.1877150849996,58.02,63.33,5.26,"Upper middle income",0.409627706286974,0.420223946168774
174,"Brazil","BR","BRA","2003",0.409627706286974,19.0774784933715,0.39287719883254,67.3700686372015,57.47,62.53,5.1,"Upper middle income",0.420223946168774,0.31463117665154
175,"Brazil","BR","BRA","2004",0.420223946168774,18.4675839197143,1.33863085370769,48.0910898120734,56.37,59.33,4.73,"Upper middle income",0.367427561410157,0.266691982702386
176,"Brazil","BR","BRA","2005",0.31463117665154,18.8900014285433,1.30988468516067,45.8097063907714,56.25,58.83,4.69,"Upper middle income",0.296775255242535,0.214793373160098
177,"Brazil","BR","BRA","2006",0.296775255242535,19.0389169325496,0.972710373740381,38.1773543217312,55.58,57.15,4.49,"Upper middle income",0.236608710162238,0.173315292291654
178,"Brazil","BR","BRA","2007",0.236608710162238,18.9429876075416,-0.197096994813755,28.1568207732626,54.82,56.26,4.32,"Upper middle income",0.214793373160098,0.1395666732712
179,"Brazil","BR","BRA","2008",0.214793373160098,18.8393928790004,-2.09933746619215,23.5414024891681,53.96,53.84,4.09,"Upper middle income",0.173315292291654,0.122874992829748
180,"Brazil","BR","BRA","2009",0.173315292291654,19.6506384012198,-1.75935802577746,23.5595911611389,53.58,53.15,4,"Upper middle income",0.1395666732712,0.112933640361875
181,"Brazil","BR","BRA","2010",0.1395666732712,19.0168578484948,-3.92594539848286,18.3852644353058,53.77,51.95,3.84,"Upper middle income",0.122874992829748,0.112933640361875
182,"Brazil","BR","BRA","2011",0.122874992829748,18.6692569318675,-3.19461785159279,18.7375103545075,52.82,51.53,3.83,"Upper middle income",0.112933640361875,0.109901884065535
183,"Brazil","BR","BRA","2012",0.112933640361875,18.5301032595602,-3.75941536802493,15.6987578671551,52.955,51.325,3.84,"Upper middle income",0.111417762213705,0.108856913693932
184,"Brazil","BR","BRA","2013",0.109901884065535,18.8924790049702,-3.5742210467144,28.0385332599247,52.64,50.64,3.78,"Upper middle income",0.108856913693932,0.134276925589569
185,"Brazil","BR","BRA","2014",0.10781194332233,19.1535387067519,-4.49883030899533,22.9117035902146,51.71,48.285,3.57,"Upper middle income",0.134276925589569,0.156658663492554
186,"Brazil","BR","BRA","2015",0.160741907856809,19.7768199520763,-3.51839207262248,39.762111539201,51.56,48.345,3.55,"Upper middle income",0.156658663492554,0.14190771851058
187,"Brazil","BR","BRA","2016",0.152575419128298,20.3792974286877,-1.70014418114534,51.0110829785495,53.18,51.95,3.9,"Upper middle income",0.130785143713203,0.17154977792762
188,"Brazil","BR","BRA","2017",0.130785143713203,20.1619046966819,-1.22787633948636,34.6166157924529,53.17,52.48,3.92,"Upper middle income",0.153030293307958,0.241596221204197
189,"Brazil","BR","BRA","2018",0.153030293307958,19.8950877802146,-2.85841617595429,33.154528475531,53.77,53.82,4.05,"Upper middle income",0.17154977792762,0.248663980614338
190,"Brazil","BR","BRA","2019",0.17154977792762,19.9835812831035,-3.63113802631428,53.2346780529118,53.32,53.26,3.96,"Upper middle income",0.241596221204197,0.00120796561613507
235,"Colombia","CO","COL","2000",1.61213693937569,16.4728505593893,0.846461525662989,30.5671351107104,52.475,46.63,3.52,"Upper middle income",2.09403813250673,3.25006038286779
236,"Colombia","CO","COL","2001",2.09403813250673,16.5662317191423,-1.0593767406628,39.7011235401811,56.2,59.77,4.55,"Upper middle income",2.53195366448292,2.72409600479446
237,"Colombia","CO","COL","2002",2.53195366448292,16.0408930267443,-1.31623163833537,45.7856013813912,55.95,57.32,4.48,"Upper middle income",3.25006038286779,2.29780096132278
238,"Colombia","CO","COL","2003",3.25006038286779,15.6103471699499,-0.96359862609051,52.973764787895,53.48,51.85,3.88,"Upper middle income",2.72409600479446,2.40996884689491
239,"Colombia","CO","COL","2004",2.72409600479446,15.6815981180263,-0.661483096041819,37.8899423046417,54.94,54.02,4.17,"Upper middle income",2.29780096132278,2.1627331112547
240,"Colombia","CO","COL","2005",2.29780096132278,13.9561720687186,-1.33773108955825,39.9821599853416,53.86,52.25,3.95,"Upper middle income",2.40996884689491,1.99042004970298
241,"Colombia","CO","COL","2006",2.40996884689491,13.8806197000031,-1.8486662318406,32.8174615485642,53.86,51.75,4.09,"Upper middle income",2.1627331112547,1.77437355901692
242,"Colombia","CO","COL","2007",2.1627331112547,13.7300294511629,-2.98192666963852,23.2505152423437,53.6,56.51,4.33,"Upper middle income",1.99042004970298,1.40693436300273
243,"Colombia","CO","COL","2008",1.99042004970298,13.143945911691,-2.67924104556952,17.4023957518974,55.14,56.51,4.35,"Upper middle income",1.77437355901692,1.22439717457119
244,"Colombia","CO","COL","2009",1.77437355901692,13.8041445529473,-1.90692598838974,21.464774761802,54.15,53.86,4.09,"Upper middle income",1.40693436300273,1.08410323341878
245,"Colombia","CO","COL","2010",1.40693436300273,13.7602470315774,-2.99583091222973,20.0822519158373,54.5,54.13,4.15,"Upper middle income",1.22439717457119,1.16459175184649
246,"Colombia","CO","COL","2011",1.22439717457119,13.3492616590983,-2.90611447138044,15.1355500875558,53.4,51.71,3.89,"Upper middle income",1.08410323341878,1.09267695626741
247,"Colombia","CO","COL","2012",1.08410323341878,13.4754773768318,-3.14008013054381,21.0672764689052,52.53,50.26,3.72,"Upper middle income",1.16459175184649,1.70416576364179
248,"Colombia","CO","COL","2013",1.16459175184649,14.0973234578689,-3.23615067105022,13.9138011602078,52.52,50.27,3.72,"Upper middle income",1.09267695626741,1.83643004865322
249,"Colombia","CO","COL","2014",1.09267695626741,14.2437505161207,-5.19843119341792,21.6390747936074,52.42,49.91,3.69,"Upper middle income",1.70416576364179,1.86578764819162
250,"Colombia","CO","COL","2015",1.70416576364179,14.8116297912742,-6.37230442153408,27.5898276090575,50.86,46.63,3.38,"Upper middle income",1.83643004865322,1.99734137781358
251,"Colombia","CO","COL","2016",1.83643004865322,14.5412847223026,-4.45195067751591,33.1744082142441,50.43,45.81,3.3,"Upper middle income",1.86578764819162,2.20267000795015
252,"Colombia","CO","COL","2017",1.86578764819162,14.8806426275244,-3.18224191136608,40.7527904979079,49.56,43.85,3.13,"Upper middle income",1.99734137781358,2.56320622302617
253,"Colombia","CO","COL","2018",1.99734137781358,15.4214808598175,-4.201383446849,40.8006519872279,50.27,45.33,3.26,"Upper middle income",2.20267000795015,2.70265296417495
254,"Colombia","CO","COL","2019",2.20267000795015,15.7732334152149,-4.58395502247166,32.9801804388446,51.17,47.34,3.44,"Upper middle income",2.56320622302617,0.210095517262286
267,"Costa Rica","CR","CRI","2000",0.905678752202353,13.7278261786138,-4.55955827452953,9.54253451545384,46.74,40.49,2.69,"Upper middle income",1.24212097931365,1.51184750175763
268,"Costa Rica","CR","CRI","2001",1.24212097931365,14.2963123765465,-3.21895001481534,10.3270780359136,50.645,47.335,3.35,"Upper middle income",1.37698424053564,1.78742035542474
269,"Costa Rica","CR","CRI","2002",1.51184750175763,14.6890642516559,-5.18779567292921,10.0422286789492,51.65,49.14,3.52,"Upper middle income",1.85782760750366,2.09746973173541
270,"Costa Rica","CR","CRI","2003",1.85782760750366,14.4974654373008,-5.20903348558069,11.4394258397844,49.11,44.64,3.07,"Upper middle income",1.71701310334583,2.25905386158901
271,"Costa Rica","CR","CRI","2004",1.71701310334583,13.9764073002574,-3.6271827494939,11.2001286219912,48.24,42.74,2.91,"Upper middle income",2.09746973173541,2.2984079404838
272,"Costa Rica","CR","CRI","2005",2.09746973173541,13.5128811924967,-4.29151439430037,9.21708242397677,47.39,40.27,2.76,"Upper middle income",2.25905386158901,1.96342384931916
273,"Costa Rica","CR","CRI","2006",2.25905386158901,13.1650410564006,-4.13248459059871,7.57922711911458,49.33,43.59,3.08,"Upper middle income",2.2984079404838,1.66882404421271
274,"Costa Rica","CR","CRI","2007",2.2984079404838,12.8052686650694,-5.57495115557225,7.80833147225104,49.25,42.82,3.04,"Upper middle income",1.96342384931916,1.40920952289996
275,"Costa Rica","CR","CRI","2008",1.96342384931916,13.5774747362871,-8.37792595147806,12.5067356835897,48.55,41.68,2.93,"Upper middle income",1.66882404421271,1.40920952289996
276,"Costa Rica","CR","CRI","2009",1.66882404421271,15.7481281178918,-1.82328161795481,11.328778967295,50.41,45.4,3.28,"Upper middle income",1.40920952289996,1.21652917871237
277,"Costa Rica","CR","CRI","2010",1.40920952289996,16.6207106449752,-3.2233640583546,7.80110052349462,49.005,42.865,3.005,"Upper middle income",1.31286935080617,1.18058552646096
278,"Costa Rica","CR","CRI","2011",1.21652917871237,16.9618362201618,-5.29681753565629,11.2949185238754,48.63,42.01,2.95,"Upper middle income",1.19060562219387,1.14180389739583
279,"Costa Rica","CR","CRI","2012",1.19060562219387,16.7900477033521,-5.10481785750833,14.8217007725864,48.57,42.03,2.94,"Upper middle income",1.17056543072805,0.977976120545117
280,"Costa Rica","CR","CRI","2013",1.17056543072805,17.1301891401507,-4.77170630552552,20.4690124010012,49.25,43.35,3.04,"Upper middle income",1.14180389739583,0.926850292432352
281,"Costa Rica","CR","CRI","2014",1.14180389739583,17.0113032501812,-4.71600480599389,20.4919419875029,48.57,41.96,2.95,"Upper middle income",0.977976120545117,0.925980246367946
282,"Costa Rica","CR","CRI","2015",0.977976120545117,16.9602419140685,-3.40396456286773,15.8448028421587,48.31,41.44,2.89,"Upper middle income",0.926850292432352,0.85470723032916
283,"Costa Rica","CR","CRI","2016",0.926850292432352,16.7086790790549,-2.13651622992001,14.8848622762542,48.64,41.9,2.97,"Upper middle income",0.925980246367946,0.859046861345263
284,"Costa Rica","CR","CRI","2017",0.925980246367946,16.3581746478518,-3.61676636545897,14.9481080824652,48.3,40.98,2.88,"Upper middle income",0.85470723032916,0.841063564282451
285,"Costa Rica","CR","CRI","2018",0.85470723032916,16.1957338928329,-2.99153112707603,15.5066994441108,47.88,40.75,2.83,"Upper middle income",0.859046861345263,0.919472364508385
286,"Costa Rica","CR","CRI","2019",0.859046861345263,16.7512009792355,-1.28103678625112,13.4936174109188,48.14,40.64,2.86,"Upper middle income",0.841063564282451,0.977976120545117
363,"Dominican Republic","DO","DOM","2000",7.56527836539802,8.72035116834374,-4.22327509358335,8.53430944610175,51.41,47.7,3.49,"Upper middle income",7.74085458740297,10.8647466865926
364,"Dominican Republic","DO","DOM","2001",7.74085458740297,9.5302089730322,-2.8935437876416,10.8039798075934,50,44.03,3.22,"Upper middle income",8.08587655138316,11.2048945825873
365,"Dominican Republic","DO","DOM","2002",8.08587655138316,9.97161491189806,-2.94021824743591,11.4487958927188,49.58,44.57,3.17,"Upper middle income",10.8647466865926,7.60029460900351
366,"Dominican Republic","DO","DOM","2003",10.8647466865926,8.63688299618643,4.84124590251719,13.2218079029247,52.03,48.32,3.6,"Upper middle income",11.2048945825873,8.06181023438076
367,"Dominican Republic","DO","DOM","2004",11.2048945825873,7.58809384193007,4.66562994157724,10.9758151257372,51.99,47.91,3.57,"Upper middle income",7.60029460900351,7.72652002679903
368,"Dominican Republic","DO","DOM","2005",7.60029460900351,8.08939077915312,-1.32180616488079,9.13945209303603,49.93,43.95,3.18,"Upper middle income",8.06181023438076,7.4923214474887
369,"Dominican Republic","DO","DOM","2006",8.06181023438076,8.78702467164024,-3.39866890884935,15.1800204412873,51.94,47.63,3.54,"Upper middle income",7.72652002679903,7.0754737227014
370,"Dominican Republic","DO","DOM","2007",7.72652002679903,9.17706784303049,-4.92727710746386,15.1327598710491,48.81,41.67,3,"Upper middle income",7.4923214474887,7.21683340488979
371,"Dominican Republic","DO","DOM","2008",7.4923214474887,10.0566202626498,-9.39205248820265,15.0713870670601,48.08,40,2.87,"Upper middle income",7.0754737227014,7.30780032753797
372,"Dominican Republic","DO","DOM","2009",7.0754737227014,10.7055663766325,-4.7717540152895,16.6538393000533,48.87,41.37,3,"Upper middle income",7.21683340488979,7.02371806707621
373,"Dominican Republic","DO","DOM","2010",7.21683340488979,9.92711136577918,-7.47026735389093,11.1610779149617,47.31,38.42,2.78,"Upper middle income",7.30780032753797,7.15594372147773
374,"Dominican Republic","DO","DOM","2011",7.30780032753797,9.32214404605185,-7.51114421855819,10.7627966545772,47.71,39.25,2.82,"Upper middle income",7.02371806707621,7.16046908549504
375,"Dominican Republic","DO","DOM","2012",7.02371806707621,9.88614641231318,-6.54329186213153,16.4735544471245,46.13,36.58,2.59,"Upper middle income",7.15594372147773,7.30164076767995
376,"Dominican Republic","DO","DOM","2013",7.15594372147773,10.448334491604,-4.09670000721941,17.3282431904288,47.66,38.85,2.81,"Upper middle income",7.16046908549504,7.27617147318969
377,"Dominican Republic","DO","DOM","2014",7.16046908549504,10.4712899402275,-3.23042782499196,18.4215063028066,44.27,33.72,2.32,"Upper middle income",7.30164076767995,7.72243862292704
378,"Dominican Republic","DO","DOM","2015",7.30164076767995,10.2887459629005,-1.79906290652027,29.8630953551523,45.18,35.39,2.45,"Upper middle income",7.27617147318969,7.96875564384909
379,"Dominican Republic","DO","DOM","2016",7.27617147318969,10.3026903963908,-1.0761558527354,18.6013519565159,45.7,36.17,2.54,"Upper middle income",7.72243862292704,8.34324885571422
380,"Dominican Republic","DO","DOM","2017",7.72243862292704,10.938643492768,-0.166379063859559,15.5802494483517,42.13,30.21,2.08,"Upper middle income",7.96875564384909,10.5671080835509
381,"Dominican Republic","DO","DOM","2018",7.96875564384909,10.8598569852577,-1.54461337156909,14.2572261129118,43.67,32.62,2.25,"Upper middle income",8.34324885571422,11.3989913147655
382,"Dominican Republic","DO","DOM","2019",8.34324885571422,11.0687972697794,-1.33559891595059,17.6960506868917,41.88,29.63,2.06,"Upper middle income",10.5671080835509,0.334661521787099
395,"Ecuador","EC","ECU","2000",7.21474226934688,9.35039744574381,6.0707064665834,50.9569771875085,55.89,57.25,4.44,"Upper middle income",5.80570269756241,5.0363339783839
396,"Ecuador","EC","ECU","2001",5.80570269756241,9.44893487596453,-2.25260930170508,38.2654507928053,53.42,52.25,4.22,"Upper middle income",5.03704381819433,5.02311652620511
397,"Ecuador","EC","ECU","2002",5.03704381819433,9.83244039315638,-4.26994719189364,42.5388423049315,55.89,50.27,4.64,"Upper middle income",5.0363339783839,5.92669902017933
398,"Ecuador","EC","ECU","2003",5.0363339783839,10.7139124156126,-1.19267471988292,33.8873621316104,53.42,52.87,3.94,"Upper middle income",5.02311652620511,6.26854846644854
399,"Ecuador","EC","ECU","2004",5.02311652620511,10.8843542248601,-1.31019664752971,43.9899697043124,53.47,52.47,3.91,"Upper middle income",5.92669902017933,6.26854846644854
400,"Ecuador","EC","ECU","2005",5.92669902017933,10.7178449173195,1.14179410683791,37.1009282582173,52.99,52.23,3.85,"Upper middle income",6.26854846644854,6.55064386239806
401,"Ecuador","EC","ECU","2006",6.26854846644854,10.6018937976299,3.71763016226755,30.7262532465233,52.475,50.9,3.73,"Upper middle income",6.4095961644233,4.69366403723651
402,"Ecuador","EC","ECU","2007",6.55064386239806,10.9281551321086,3.69843366966508,23.9092309878224,53.28,52.09,3.84,"Upper middle income",5.00081178419606,3.73663047264203
403,"Ecuador","EC","ECU","2008",5.00081178419606,11.8304343718496,2.86485133004414,11.8804450113564,49.74,45.43,3.19,"Upper middle income",4.38651629027695,3.38131828678572
404,"Ecuador","EC","ECU","2009",4.38651629027695,13.7257167286477,0.500721269722978,49.5189133355657,48.39,42.13,2.93,"Upper middle income",3.73663047264203,2.81630799450655
405,"Ecuador","EC","ECU","2010",3.73663047264203,13.1996528750973,-2.27486002323962,8.86816479623797,48.73,42.5,2.98,"Upper middle income",3.38131828678572,2.58468611689305
406,"Ecuador","EC","ECU","2011",3.38131828678572,12.7290497491166,-0.504733851771497,9.71266107860111,45.79,38.02,2.54,"Upper middle income",2.81630799450655,2.4304910685218
407,"Ecuador","EC","ECU","2012",2.81630799450655,13.3372906659601,-0.166549831076518,9.96978314823273,46.06,38.42,2.6,"Upper middle income",2.58468611689305,2.4046195290585
408,"Ecuador","EC","ECU","2013",2.58468611689305,14.005388161856,-0.980667828667787,11.3335981817522,46.81,38.63,2.68,"Upper middle income",2.4304910685218,2.61370729603577
409,"Ecuador","EC","ECU","2014",2.4304910685218,14.2961560267027,-0.657393328777698,13.8363053441987,44.94,35.44,2.42,"Upper middle income",2.4046195290585,2.73171775230461
410,"Ecuador","EC","ECU","2015",2.4046195290585,14.4295226342217,-2.23696073530438,23.6263991624038,45.88,37.57,2.55,"Upper middle income",2.61370729603577,2.82542002086851
411,"Ecuador","EC","ECU","2016",2.61370729603577,14.6056939315471,1.09494807155976,26.5720810170072,44.94,36.09,2.42,"Upper middle income",2.73171775230461,2.99948574296015
412,"Ecuador","EC","ECU","2017",2.73171775230461,14.5712569114199,-0.17624395111392,29.1345293427727,44.62,35.49,2.39,"Upper middle income",2.82542002086851,3.36756804518592
413,"Ecuador","EC","ECU","2018",2.82542002086851,14.7163578426316,-1.21745799609261,35.6630594447966,45.38,36.6,2.49,"Upper middle income",2.99948574296015,4.11379094349227
414,"Ecuador","EC","ECU","2019",2.99948574296015,14.4147442397168,-0.141944934473687,35.6745312829229,45.69,37.14,2.53,"Upper middle income",3.36756804518592,7.60302421006045
427,"El Salvador","SV","SLV","2000",14.9699688017602,13.0857417139691,-3.65297107423069,14.2473825296204,51.39,50.3,3.52,"Lower middle income",15.6669630441719,16.0171947035328
428,"El Salvador","SV","SLV","2001",15.6669630441719,13.8066587499504,-1.22368889754147,14.842816777415,51.19,50.7,3.52,"Lower middle income",15.4182774717149,18.6742099302803
429,"El Salvador","SV","SLV","2002",15.4182774717149,14.0156943156484,-3.19917807931234,18.8812777914614,51.72,52.08,3.62,"Lower middle income",16.0171947035328,20.6055245611648
430,"El Salvador","SV","SLV","2003",16.0171947035328,13.8076841187215,-5.30205130807915,25.0419661831873,50.21,52.49,3.35,"Lower middle income",18.6742099302803,21.7670246482945
431,"El Salvador","SV","SLV","2004",18.6742099302803,13.7705773417978,-4.67674940955736,30.5566100601225,47.6,42.93,2.82,"Lower middle income",20.6055245611648,21.8028715446677
432,"El Salvador","SV","SLV","2005",20.6055245611648,13.9948292284665,-4.22907878622942,24.9408049976826,48.37,43.34,2.94,"Lower middle income",21.7670246482945,20.8749261267512
433,"El Salvador","SV","SLV","2006",21.7670246482945,14.3343485486463,-4.78478289538241,31.6266579835059,45.66,36.59,2.52,"Lower middle income",21.8028715446677,19.3296980618829
434,"El Salvador","SV","SLV","2007",21.8028715446677,14.3442032712684,-7.15129248901495,24.0026076937612,45.21,35.14,2.45,"Lower middle income",20.8749261267512,18.8196648675298
435,"El Salvador","SV","SLV","2008",20.8749261267512,14.7107143035844,-8.51825968802834,20.2282119743436,46.89,38.27,2.68,"Lower middle income",19.3296980618829,17.96484307191
436,"El Salvador","SV","SLV","2009",19.3296980618829,16.1016997299112,-1.77368032991474,27.4689659435892,45.83,36.41,2.55,"Lower middle income",18.8196648675298,18.3017912730119
437,"El Salvador","SV","SLV","2010",18.8196648675298,15.7115815766764,-2.88821622788294,22.1421208622625,43.5,32.64,2.25,"Lower middle income",17.96484307191,18.0368594542296
438,"El Salvador","SV","SLV","2011",17.96484307191,15.7558896813119,-5.48105199392229,22.1641311663657,42.31,30.52,2.1,"Lower middle income",18.3017912730119,18.4140727443948
439,"El Salvador","SV","SLV","2012",18.3017912730119,15.7574411476586,-5.79721503254672,19.1543997415953,41.82,29.95,2.05,"Lower middle income",18.0368594542296,18.2378057227401
440,"El Salvador","SV","SLV","2013",18.0368594542296,16.3058820533528,-6.90474689247509,17.4195673880003,43.35,32.31,2.22,"Lower middle income",18.4140727443948,18.8561820072362
441,"El Salvador","SV","SLV","2014",18.4140727443948,15.9541672881589,-5.3713869873012,19.264044887175,41.55,29.32,2.02,"Lower middle income",18.2378057227401,20.0020638968604
442,"El Salvador","SV","SLV","2015",18.2378057227401,16.497441787438,-3.2159293549397,18.5797789323215,40.55,27.82,1.92,"Lower middle income",18.8561820072362,20.720840026323
443,"El Salvador","SV","SLV","2016",18.8561820072362,16.3164393340948,-2.27403286613894,20.064853896716,39.98,27.4,1.86,"Lower middle income",20.0020638968604,21.0435800685611
444,"El Salvador","SV","SLV","2017",20.0020638968604,16.1331092000982,-1.85990733613607,51.6213408134885,38.01,24.63,1.67,"Lower middle income",20.720840026323,23.7917924395339
445,"El Salvador","SV","SLV","2018",20.720840026323,16.1096582163919,-3.30179306522223,45.4526441707805,38.61,25.38,1.72,"Lower middle income",21.0435800685611,25.3845272432932
446,"El Salvador","SV","SLV","2019",21.0435800685611,16.0320209633966,-0.421693578525018,67.8587124617114,38.78,25.44,1.74,"Lower middle income",23.7917924395339,6.46319790080971
491,"Guatemala","GT","GTM","2000",3.09089225156532,7.00261473951945,-5.44146344723743,9.7217298574478,54.15,53.02,4.02,"Upper middle income",3.44333607366515,9.95052323955904
492,"Guatemala","GT","GTM","2001",3.44333607366515,10.2195681687394,-6.80733013808819,10.0645067990466,51.19,40.49,3.73,"Upper middle income",7.82711765505829,11.1441944464675
493,"Guatemala","GT","GTM","2002",7.82711765505829,9.82093278550152,-6.04021558283228,10.2839091333308,56.28,60.68,4.71,"Upper middle income",9.95052323955904,11.4496340746796
494,"Guatemala","GT","GTM","2003",9.95052323955904,9.75241609376197,-4.81631890533673,10.7460288630619,53.85,55.83,4.22,"Upper middle income",11.1441944464675,12.4397162933167
495,"Guatemala","GT","GTM","2004",11.1441944464675,8.9066313301877,-4.93864891092929,14.4644432891338,50.35,46.91,3.33,"Upper middle income",11.4496340746796,12.6198132677883
496,"Guatemala","GT","GTM","2005",11.4496340746796,8.61352510250589,-4.63346895150244,14.7713618053984,51.94,47.7,3.62,"Upper middle income",12.4397162933167,11.4940763888541
497,"Guatemala","GT","GTM","2006",12.4397162933167,8.50696938888144,-5.12367980082016,15.8387148551446,54.55,54.72,4.23,"Upper middle income",12.6198132677883,10.7798826740436
498,"Guatemala","GT","GTM","2007",12.6198132677883,8.79868760763897,-5.31937551838033,16.3648338917415,51.58,47.63,3.18,"Upper middle income",11.4940763888541,10.386025659861
499,"Guatemala","GT","GTM","2008",11.4940763888541,9.16134519080737,-4.03483798305246,16.8559685562934,49.11,40,3.13,"Upper middle income",10.7798826740436,9.67029724707473
500,"Guatemala","GT","GTM","2009",10.7798826740436,10.3456302167651,0.194641504887866,19.9841881771358,49.58,43.95,3.15,"Upper middle income",10.386025659861,10.0118592848951
501,"Guatemala","GT","GTM","2010",10.386025659861,10.6462476186343,-1.88548546574302,16.0869959794833,47.63,38.85,2.82,"Upper middle income",9.67029724707473,10.0077039586258
502,"Guatemala","GT","GTM","2011",9.67029724707473,10.3584830794978,-3.37024229083353,17.2199255621163,51.89,48.1,3.5,"Upper middle income",10.0118592848951,9.94162349001299
503,"Guatemala","GT","GTM","2012",10.0118592848951,10.5135030709737,-3.7248019008767,13.4536025157331,50.35,47.63,3.6,"Upper middle income",10.0077039586258,10.4233906572422
504,"Guatemala","GT","GTM","2013",10.0077039586258,11.2879486082846,-4.22439847642004,23.7394399441114,45.36,36.58,2.45,"Upper middle income",9.94162349001299,11.1465476630389
505,"Guatemala","GT","GTM","2014",9.94162349001299,11.2553849306527,-3.30032040532466,15.1049325180282,48.26,40.94,2.9,"Upper middle income",10.4233906572422,11.7145038997535
506,"Guatemala","GT","GTM","2015",10.4233906572422,11.0881085257885,-1.24431009342642,16.405417620638,53.08,48.03,3.28,"Upper middle income",11.1465476630389,12.8704272432944
507,"Guatemala","GT","GTM","2016",11.1465476630389,10.440352787248,0.964776443785669,23.5128173587407,47.6,40.79,2.82,"Upper middle income",11.7145038997535,13.807544207551
508,"Guatemala","GT","GTM","2017",11.7145038997535,10.572823006819,1.19614108431316,29.747210171787,50.43,55.83,3.19,"Upper middle income",12.8704272432944,14.6759471578726
509,"Guatemala","GT","GTM","2018",12.8704272432944,11.120258551506,0.885829128148984,8.24906554603006,43.29,45.02,2.22,"Upper middle income",13.807544207551,17.9047311864436
510,"Guatemala","GT","GTM","2019",13.807544207551,11.1070048234102,2.36029070214571,13.9678068663701,44.27,30.5,2.58,"Upper middle income",14.6759471578726,13.807544207551
587,"Honduras","HN","HND","2000",6.60250645825481,13.4084733653246,-7.07233719340069,14.7522319107534,52.31,48.32,4.61,"Upper middle income",7.9784156429783,10.5145551131803
588,"Honduras","HN","HND","2001",7.9784156429783,14.687410537623,-6.25613323410572,13.1464391155156,55.32,59.54,4.66,"Lower middle income",10.1981794195738,13.1814704759739
589,"Honduras","HN","HND","2002",10.1981794195738,14.9755432131836,-3.58312685125981,14.6545836248413,55.62,59.49,4.64,"Lower middle income",10.5145551131803,18.5015121358857
590,"Honduras","HN","HND","2003",10.5145551131803,14.9208291963607,-6.71681840255879,15.0039408354921,57.87,64.76,5.36,"Lower middle income",13.1814704759739,21.6026919710247
591,"Honduras","HN","HND","2004",13.1814704759739,15.0107580143337,-7.70512924930615,9.9532439271038,57.9,65.06,5.35,"Lower middle income",18.5015121358857,21.1438409427367
592,"Honduras","HN","HND","2005",18.5015121358857,15.5226141975342,-3.11914120161795,10.0671540188611,59.46,72.14,6.09,"Lower middle income",21.6026919710247,20.3241511807585
593,"Honduras","HN","HND","2006",21.6026919710247,15.0037811215388,-3.50496259892279,7.87482373070566,57.51,66.74,5.37,"Lower middle income",21.1438409427367,16.9826205436393
594,"Honduras","HN","HND","2007",21.1438409427367,16.6023739634675,-9.02947363444771,7.19917132558627,55.78,58.36,4.6,"Lower middle income",20.3241511807585,16.5278735126143
595,"Honduras","HN","HND","2008",20.3241511807585,17.1148275892292,-15.3428523263118,7.38566099586611,55.45,58.87,4.56,"Lower middle income",16.9826205436393,15.8698404028659
596,"Honduras","HN","HND","2009",16.9826205436393,18.6997382744106,-3.8159630413154,9.97345563303447,51.27,48.77,3.56,"Lower middle income",16.5278735126143,15.7614547109132
597,"Honduras","HN","HND","2010",16.5278735126143,17.9264315738123,-5.07642907628296,10.3200307842867,53.08,52.25,3.95,"Lower middle income",15.8698404028659,16.7474849567909
598,"Honduras","HN","HND","2011",15.8698404028659,16.0643683897277,-7.95391797878888,16.0351040649082,52.54,52.36,3.84,"Lower middle income",15.7614547109132,17.055190069608
599,"Honduras","HN","HND","2012",15.7614547109132,16.2017830432394,-8.53140481521433,13.7695119648133,53.36,53.94,4.04,"Lower middle income",16.7474849567909,17.4749176819329
600,"Honduras","HN","HND","2013",16.7474849567909,16.7338132476973,-9.52729396411303,14.6803065738772,49.96,46.12,3.28,"Lower middle income",17.055190069608,17.7908164076358
601,"Honduras","HN","HND","2014",17.055190069608,15.3323115474268,-6.94516647604083,10.3500548968564,49.85,45.02,3.28,"Lower middle income",17.4749176819329,18.6839352900793
602,"Honduras","HN","HND","2015",17.4749176819329,14.3052467695847,-4.67090141649466,18.3961320388077,49.24,44.1,3.16,"Lower middle income",17.7908164076358,19.8462502344374
603,"Honduras","HN","HND","2016",17.7908164076358,14.1139360855006,-3.1434140623581,13.6253370917885,49.8,47.08,3.31,"Lower middle income",18.6839352900793,21.5284145254649
604,"Honduras","HN","HND","2017",18.6839352900793,13.4984164607115,-1.24589510991724,12.8039920729091,49.4,45.31,3.19,"Lower middle income",19.8462502344374,23.4542530981107
605,"Honduras","HN","HND","2018",19.8462502344374,13.4622514861767,-6.57234658823424,13.910060382312,48.93,44.97,3.11,"Lower middle income",21.5284145254649,25.2851877693461
606,"Honduras","HN","HND","2019",21.5284145254649,13.4889921041466,-2.63402033959564,11.9962860407142,48.1,42.98,2.98,"Lower middle income",23.4542530981107,4.98017495249713
651,"Mexico","MX","MEX","2000",1.06295213026845,9.51521934438588,-2.64898440098909,31.8721046082041,52.57,49.52,3.7,"Upper middle income",1.34085156214957,2.28340692036998
652,"Mexico","MX","MEX","2001",1.34085156214957,9.88112603307671,-2.34603440071513,26.9649135824928,50,48.49,3.3,"Upper middle income",1.42848198223238,2.53907675550208
653,"Mexico","MX","MEX","2002",1.42848198223238,10.3777164459419,-1.52663277848924,21.3463012949561,50.08,44.22,3.2,"Upper middle income",2.28340692036998,2.59173103199319
654,"Mexico","MX","MEX","2003",2.28340692036998,11.0337903739071,-0.499903256110991,17.7074056507941,50.86,54.8,3.21,"Upper middle income",2.53907675550208,2.72126954874778
655,"Mexico","MX","MEX","2004",2.53907675550208,10.4872897953287,-0.45062298032432,19.062474757783,50.01,44.47,3.16,"Upper middle income",2.59173103199319,2.55342809831971
656,"Mexico","MX","MEX","2005",2.59173103199319,10.5217066665057,-0.640382632510496,15.3960491171435,50.1,45.2,3.21,"Upper middle income",2.72126954874778,2.34610673458763
657,"Mexico","MX","MEX","2006",2.72126954874778,10.3444234976116,-0.330608298374854,19.8737076848373,48.92,41.87,3,"Upper middle income",2.55342809831971,2.45273131403019
658,"Mexico","MX","MEX","2007",2.55342809831971,10.4053811429815,-0.935390819178253,12.7230890396407,54.49,52.87,4.33,"Upper middle income",2.34610673458763,2.08737442541605
659,"Mexico","MX","MEX","2008",2.34610673458763,10.7295188813689,-1.55772030767234,12.3432064382931,49.85,44.42,3.1,"Upper middle income",2.45273131403019,1.98610031506779
660,"Mexico","MX","MEX","2009",2.45273131403019,11.9169638457325,-0.836795931913013,12.6703987401665,49.56,49.91,3.15,"Upper middle income",2.08737442541605,1.93229283497559
661,"Mexico","MX","MEX","2010",2.08737442541605,11.7713633086286,-0.379534430561931,10.2031944408617,47.16,39.15,2.71,"Upper middle income",1.98610031506779,1.81952392406583
662,"Mexico","MX","MEX","2011",1.98610031506779,11.7770831054448,-0.929641548465041,11.284620933722,47.63,40.79,2.85,"Upper middle income",1.93229283497559,1.88557917779992
663,"Mexico","MX","MEX","2012",1.93229283497559,11.946733981519,-1.53056269460578,17.8785387087657,48.7,41.45,2.92,"Upper middle income",1.81952392406583,2.23857340572547
664,"Mexico","MX","MEX","2013",1.81952392406583,12.191387292477,-2.5444843746735,10.2326473537112,45.38,30.53,2.45,"Upper middle income",1.88557917779992,2.66028206286623
665,"Mexico","MX","MEX","2014",1.88557917779992,12.194961984343,-1.9555852476478,11.4034420654934,48.71,41.18,2.93,"Upper middle income",2.23857340572547,2.78455199826258
666,"Mexico","MX","MEX","2015",2.23857340572547,12.3171958978037,-2.75320007809648,12.7142734722995,47.71,34.43,2.93,"Upper middle income",2.66028206286623,2.92606790267873
667,"Mexico","MX","MEX","2016",2.66028206286623,12.0104130483677,-2.39356404570546,19.3006147682616,46.24,36.85,2.58,"Upper middle income",2.78455199826258,3.07497993379747
668,"Mexico","MX","MEX","2017",2.78455199826258,11.6165964021021,-1.8995119592474,14.6003952417166,43.14,32.62,2.86,"Upper middle income",2.92606790267873,3.93192906222789
669,"Mexico","MX","MEX","2018",2.92606790267873,11.5703277782178,-2.13493337566352,11.9470529738675,45.36,35.39,2.45,"Upper middle income",3.07497993379747,4.25272217782955
670,"Mexico","MX","MEX","2019",3.07497993379747,11.3934482044803,-0.439582940412293,13.7798912300845,46.06,37.5,2.6,"Upper middle income",3.93192906222789,4.25272217782955
715,"Panama","PA","PAN","2000",0.133288741205686,13.9871165053318,-5.68021348955207,71.1877150849996,55.72,61.21,4.64,"Upper middle income",0.584705820264118,0.779904678122386
716,"Panama","PA","PAN","2001",0.584705820264118,14.7822661908201,-1.52775392162034,45.8097063907714,56.17,64.52,4.95,"Upper middle income",0.651054172139831,0.725352903003858
717,"Panama","PA","PAN","2002",0.651054172139831,15.7186717657599,-0.87038093225786,8.96284512854856,55.92,60.16,4.77,"Upper middle income",0.779904678122386,0.791479677302743
718,"Panama","PA","PAN","2003",0.779904678122386,14.8147107139303,-4.20038549490633,22.0575404665106,55.43,59.58,4.61,"Upper middle income",0.725352903003858,1.65640793425905
719,"Panama","PA","PAN","2004",0.725352903003858,14.4303225168784,-6.96312143985522,22.0575404665106,54.62,57.26,4.4,"Upper middle income",0.791479677302743,1.66838966756934
720,"Panama","PA","PAN","2005",0.791479677302743,13.9446547697866,-6.49856114674266,21.464774761802,53.6,54.8,4.11,"Upper middle income",1.65640793425905,1.50263028275614
721,"Panama","PA","PAN","2006",1.65640793425905,13.0967886891404,-2.55103358394371,17.4023957518974,54.48,57.9,4.33,"Upper middle income",1.66838966756934,1.50263028275614
722,"Panama","PA","PAN","2007",1.66838966756934,12.4662000829246,-5.53907247921418,38.2912710004567,52.6,52.15,3.87,"Upper middle income",1.50263028275614,1.24277954304921
723,"Panama","PA","PAN","2008",1.50263028275614,12.0727200230963,-9.09210577439113,21.0672764689052,52.83,52.33,3.87,"Upper middle income",1.37270491290267,1.22708297772955
724,"Panama","PA","PAN","2009",1.24277954304921,11.9487537015838,-0.782914234389752,10.2031944408617,51.75,48.31,3.6,"Upper middle income",1.39264943865562,1.01633205292149
725,"Panama","PA","PAN","2010",1.39264943865562,12.6126485258928,-10.6024779459016,6.91020112553283,51.58,49.22,3.57,"Upper middle income",1.06151651680347,1.01184432422001
726,"Panama","PA","PAN","2011",1.06151651680347,11.8640759640132,-13.0236141037697,12.6703987401665,51.31,48.32,3.52,"Upper middle income",1.01633205292149,1.51518186589318
727,"Panama","PA","PAN","2012",1.01633205292149,10.8556333586448,-9.2385053562109,22.0575404665106,51.71,50.18,3.61,"Upper middle income",1.01184432422001,1.02455455355525
728,"Panama","PA","PAN","2013",1.01184432422001,10.7127427911026,-8.95615999157893,6.91020112553283,51.42,48.6,3.57,"Upper middle income",1.51518186589318,0.867792193438869
729,"Panama","PA","PAN","2014",1.51518186589318,10.0413850573101,-13.3754261699391,24.9965824276434,50.42,47.56,3.35,"Upper middle income",1.02455455355525,0.857448149356861
730,"Panama","PA","PAN","2015",1.02455455355525,10.2854776509563,-8.96328094091896,4.49967799269993,50.77,47.38,3.41,"Upper middle income",0.867792193438869,0.799292392977804
731,"Panama","PA","PAN","2016",0.867792193438869,10.9714252163356,-7.78423177318388,24.9965824276434,50.37,47.16,3.34,"Upper middle income",0.857448149356861,0.833102781071486
732,"Panama","PA","PAN","2017",0.857448149356861,11.4195920755851,-6.02135425110164,12.7230890396407,49.75,46.07,3.23,"Upper middle income",0.799292392977804,0.798279010483217
733,"Panama","PA","PAN","2018",0.799292392977804,13.9446547697866,-7.88474360019231,7.80833147225104,49.17,44.8,3.13,"Upper middle income",0.833102781071486,0.842178038394657
734,"Panama","PA","PAN","2019",0.833102781071486,11.4195920755851,-5.77331748071723,12.7230890396407,49.8,45.53,3.24,"Upper middle income",0.798279010483217,0.581543930460693
747,"Paraguay","PY","PRY","2000",1.7130199979486,10.4050719792481,-2.79049501871093,8.96284512854856,51.39,48.6,3.76,"Upper middle income",1.64787181908521,1.4236740138903
748,"Paraguay","PY","PRY","2001",1.64787181908521,9.48114361115282,-0.375729695210563,10.1501596070242,54.61,55.86,4.24,"Upper middle income",1.3715456499774,1.3715082491051
749,"Paraguay","PY","PRY","2002",1.3715456499774,8.39686429853125,8.61307588678674,9.85395344553208,57.25,61.37,4.85,"Upper middle income",1.4236740138903,1.50221184795487
750,"Paraguay","PY","PRY","2003",1.4236740138903,7.93637429708313,0.221163990286845,9.88440089734871,54.93,54.8,4.21,"Upper middle income",1.3715082491051,2.5019676839783
751,"Paraguay","PY","PRY","2004",1.3715082491051,7.58724400427132,-0.101927990310014,11.1154340347775,52.23,48.49,3.57,"Upper middle income",1.50221184795487,1.90848171580223
752,"Paraguay","PY","PRY","2005",1.50221184795487,8.11892416861415,-0.628692309199553,9.51967705462835,51.37,47.34,3.42,"Upper middle income",2.5019676839783,1.47319137716415
753,"Paraguay","PY","PRY","2006",2.5019676839783,8.30448470445992,1.24447680615271,6.83255475176245,52.98,50.8,3.79,"Upper middle income",1.90848171580223,1.68775418694429
754,"Paraguay","PY","PRY","2007",1.90848171580223,7.67142378869969,4.36238494214342,5.3288959119351,53.03,51.37,3.76,"Upper middle income",1.47319137716415,1.51085720665647
755,"Paraguay","PY","PRY","2008",1.47319137716415,7.4300674515924,0.4298858634494,4.49967799269993,50.7,45.58,3.31,"Upper middle income",1.68775418694429,1.60260088749128
756,"Paraguay","PY","PRY","2009",1.68775418694429,9.13708153040746,1.79970173562309,5.76897300211399,49.13,43.41,3.07,"Upper middle income",1.51085720665647,1.9044078895578
757,"Paraguay","PY","PRY","2010",1.51085720665647,9.06137526683434,-1.0664876170614,4.51637983702398,50.98,47.38,3.4,"Upper middle income",1.60260088749128,1.61257044953996
758,"Paraguay","PY","PRY","2011",1.60260088749128,10.0606239849881,-0.607600463905959,6.91020112553283,52.31,50.09,3.69,"Upper middle income",1.9044078895578,1.25474307585475
759,"Paraguay","PY","PRY","2012",1.9044078895578,11.7254484481079,-1.64488088650002,16.0352398316921,47.63,40.79,2.85,"Upper middle income",1.61257044953996,1.52891304454692
760,"Paraguay","PY","PRY","2013",1.61257044953996,11.2997503996766,0.907980808169966,11.4418941133328,47.92,40.53,2.86,"Upper middle income",1.25474307585475,1.82007918572576
761,"Paraguay","PY","PRY","2014",1.25474307585475,11.5488457611573,-0.718315221152594,22.0575404665106,50.7,45.99,3.3,"Upper middle income",1.52891304454692,1.80546415452977
762,"Paraguay","PY","PRY","2015",1.52891304454692,11.8031750486187,-0.0694484459843561,16.8549499277417,47.6,40.06,2.81,"Upper middle income",1.82007918572576,1.69760683522035
763,"Paraguay","PY","PRY","2016",1.82007918572576,11.3629906714553,4.61783071762664,10.6863030707547,47.9,40.22,2.85,"Upper middle income",1.80546415452977,1.75605626616488
764,"Paraguay","PY","PRY","2017",1.80546415452977,11.1076787786728,3.41223852857768,12.4644412231806,48.82,41.81,2.97,"Upper middle income",1.69760683522035,1.64741492873686
765,"Paraguay","PY","PRY","2018",1.69760683522035,11.5202342968007,-0.241944861323747,15.84033988842,46.22,37.5,2.59,"Upper middle income",1.75605626616488,1.4652587303846
766,"Paraguay","PY","PRY","2019",1.75605626616488,11.9462687058924,-0.577176919329213,10.2772750987585,45.65,36.27,2.51,"Upper middle income",1.64741492873686,0.329415851002876
779,"Peru","PE","PER","2000",1.38693075533602,11.4506268550924,-2.9874113727773,28.9079853281144,49.07,44.77,3.14,"Upper middle income",1.4476439380523,1.47877535639654
780,"Peru","PE","PER","2001",1.4476439380523,11.7171706103755,-2.31175794610238,24.9965824276434,51.3,48.6,3.54,"Upper middle income",1.28772179077061,1.47877535639654
781,"Peru","PE","PER","2002",1.28772179077061,11.165025870435,-2.02693936398421,37.1788138698092,53.57,52.97,4.01,"Upper middle income",1.47877535639654,1.6964738424159
782,"Peru","PE","PER","2003",1.47877535639654,11.518716629881,-1.61504289543387,23.7839879283087,51.74,47.965,3.575,"Upper middle income",1.58762459940622,1.9831133148508
783,"Peru","PE","PER","2004",1.6964738424159,11.2562792024042,0.0288861085400799,18.7226147815388,49.87,45.11,3.25,"Upper middle income",1.89331588408079,2.08553802579696
784,"Peru","PE","PER","2005",1.89331588408079,11.444512241325,1.50881026119421,30.3651069939318,50.45,46.52,3.38,"Upper middle income",2.0729107456208,2.02706961928358
785,"Peru","PE","PER","2006",2.0729107456208,10.9166950883829,3.24050716695869,13.1482838269029,50.33,46.65,3.37,"Upper middle income",2.08553802579696,1.99357606247792
786,"Peru","PE","PER","2007",2.08553802579696,10.455030294689,1.42931463476859,27.8674343062574,50.03,46.36,3.27,"Upper middle income",2.02706961928358,1.71758394083601
787,"Peru","PE","PER","2008",2.02706961928358,10.3708617908307,-4.41112077807089,14.5601110941876,47.46,41.52,2.85,"Upper middle income",1.99357606247792,1.57017608748453
788,"Peru","PE","PER","2009",1.99357606247792,11.466355995307,-0.598288729210879,13.425657222691,47.01,40.21,2.76,"Upper middle income",1.71758394083601,1.44716054544448
789,"Peru","PE","PER","2010",1.71758394083601,10.5258359246036,-2.41611244249563,16.6209673519332,45.54,37.48,2.54,"Upper middle income",1.57017608748453,1.34571348373185
790,"Peru","PE","PER","2011",1.57017608748453,10.3623514688753,-1.96422212136988,7.87404296132068,44.66,36.22,2.43,"Upper middle income",1.44716054544448,1.31310783769704
791,"Peru","PE","PER","2012",1.44716054544448,10.8712123448481,-2.78917013523445,12.3411011744364,44.44,36.06,2.39,"Upper middle income",1.34571348373185,1.43573241782525
792,"Peru","PE","PER","2013",1.34571348373185,11.5009309068431,-4.77392877326635,15.1279915594652,43.89,34.91,2.31,"Upper middle income",1.31310783769704,1.50282161553123
793,"Peru","PE","PER","2014",1.31310783769704,12.4020903759554,-4.27562642475605,11.9198863545695,43.14,33.59,2.22,"Upper middle income",1.43573241782525,1.44603031353436
794,"Peru","PE","PER","2015",1.43573241782525,12.9655733799238,-4.6237089025564,13.3607219106886,43.35,33.78,2.23,"Upper middle income",1.50282161553123,1.44869590217796
795,"Peru","PE","PER","2016",1.50282161553123,13.1636888035228,-2.19552920869071,17.6278441183528,43.64,34.26,2.27,"Upper middle income",1.44603031353436,1.45665555891472
796,"Peru","PE","PER","2017",1.44603031353436,13.2122751962604,-0.821197762307768,20.7739124857503,43.29,33.63,2.23,"Upper middle income",1.44869590217796,1.43801947162498
797,"Peru","PE","PER","2018",1.44869590217796,13.0774424949562,-1.1893149591628,12.3450088176271,42.39,31.9,2.11,"Upper middle income",1.45665555891472,1.61257852133932
798,"Peru","PE","PER","2019",1.45665555891472,13.2443725852511,-0.561495704912979,11.5079628685448,41.54,30.5,2.02,"Upper middle income",1.43801947162498,2.66028206286623
1035,"Uruguay","UY","URY","2000",0.405399277911785,12.3560487504224,-2.48133843860548,12.1114711135311,42.91,32.02,2.18,"High income",2.88918067173552e-05,0.512661030706036
1036,"Uruguay","UY","URY","2001",2.88918067173552e-05,12.4920421206891,-2.38113788734441,49.5813145440098,45.01,35.15,2.43,"High income",0.264968638332599,0.510700586359985
1037,"Uruguay","UY","URY","2002",0.264968638332599,12.3477943480481,2.80710261555831,50.8330976382054,45.54,35.93,2.52,"High income",0.512661030706036,0.44198018204895
1038,"Uruguay","UY","URY","2003",0.512661030706036,11.9890885893952,-0.724417119602386,19.7246312637172,45.03,34.62,2.44,"High income",0.510700586359985,0.450497572607502
1039,"Uruguay","UY","URY","2004",0.510700586359985,11.0050185738234,0.0228310712848396,71.1877150849996,45.88,36.42,2.57,"High income",0.44198018204895,0.450497572607502
1040,"Uruguay","UY","URY","2005",0.44198018204895,10.9354580037111,0.243497121353953,19.7246312637172,44.73,34.68,2.41,"High income",0.450497572607502,0.405399277911785
1041,"Uruguay","UY","URY","2006",0.450497572607502,11.2852638649094,-1.98506905103089,38.1773543217312,46.035,36.455,2.575,"High income",0.427948425259643,0.327889240828915
1042,"Uruguay","UY","URY","2007",0.405399277911785,11.4801831825683,-0.926356077597875,70.9002889822691,46.39,36.88,2.63,"High income",0.346765348780759,0.297711381718448
1043,"Uruguay","UY","URY","2008",0.346765348780759,12.2130864916131,-5.555950457288,13.3607219106886,45.07,34.79,2.44,"High income",0.309013132877072,0.255919437088178
1044,"Uruguay","UY","URY","2009",0.309013132877072,12.9437940671953,-1.165714048628,16.5973754896215,45.54,35.82,2.51,"High income",0.297711381718448,0.168907169778097
1045,"Uruguay","UY","URY","2010",0.297711381718448,12.64589594908,-1.7421567938392,22.0575404665106,44.47,33.87,2.36,"High income",0.255919437088178,0.161154731649253
1046,"Uruguay","UY","URY","2011",0.255919437088178,12.7604586461063,-2.6113286559748,12.1114711135311,42.17,30.53,2.08,"High income",0.168907169778097,0.15908431079509
1047,"Uruguay","UY","URY","2012",0.168907169778097,13.273834491652,-3.7550569524485,31.5113305616053,39.89,27.51,1.83,"High income",0.161154731649253,0.156495394990626
1048,"Uruguay","UY","URY","2013",0.161154731649253,13.5224297817283,-3.28720940917909,16.5973754896215,40.45,28.35,1.89,"High income",0.15908431079509,0.157345011370342
1049,"Uruguay","UY","URY","2014",0.15908431079509,13.6963930072559,-2.98942522248202,34.9283398192354,40.1,27.83,1.86,"High income",0.156495394990626,0.168263659691892
1050,"Uruguay","UY","URY","2015",0.156495394990626,13.8358099973704,-0.255015055930345,20.7739124857503,40.12,27.92,1.87,"High income",0.157345011370342,0.174773515240255
1051,"Uruguay","UY","URY","2016",0.157345011370342,13.5224297817283,0.825062136529167,51.7302547597257,39.71,27.03,1.82,"High income",0.168263659691892,0.180941607113594
1052,"Uruguay","UY","URY","2017",0.168263659691892,13.8358099973704,0.0113261668107773,10.2772750987585,39.49,26.64,1.8,"High income",0.174773515240255,0.207050106787625
1053,"Uruguay","UY","URY","2018",0.174773515240255,12.9437940671953,-0.469192278354395,12.1114711135311,39.68,26.82,1.82,"High income",0.180941607113594,0.20473664103464
1054,"Uruguay","UY","URY","2019",0.180941607113594,16.6454378106252,1.20598835824497,24.733642858859,39.67,26.88,1.82,"High income",0.207050106787625,0.00205731887075095
